3-10-22-Schnable-Sorghum_310-201-9-2-44M_2022-03-11_14-35-56.963_5207500_Vis_TV_90.png	[[2957, 2695], [2929, 2384], [3281, 3252], [3535, 2412], [3944, 2140]]	[]
3-10-22-Schnable-Sorghum_310-201-9-2-44M_2022-03-11_14-35-56.963_5207500_Vis_SV_72.png	[[2565, 4105], [1886, 4729], [2007, 5452], [2593, 5372], [2957, 5187]]	[[2343, 5463], [2353, 5099], [2402, 4630], [2400, 4038]]
3-10-22-Schnable-Sorghum_310-201-9-2-44M_2022-03-11_14-35-56.963_5207500_Vis_SV_36.png	[[3086, 4085], [2106, 4754], [2492, 5461], [2542, 5340], [2615, 5112]]	[[2412, 4041], [2386, 4615], [2331, 5466]]
3-10-22-Schnable-Sorghum_310-201-9-2-44M_2022-03-11_14-35-56.963_5207500_Vis_SV_324.png	[[1747, 5131], [2242, 5306], [2966, 5318], [2646, 4732], [3079, 3999]]	[[2265, 5453], [2273, 5101], [2261, 4605], [2312, 4033]]
3-10-22-Schnable-Sorghum_310-201-9-2-44M_2022-03-11_14-35-56.963_5207500_Vis_SV_288.png	[[1525, 5250], [2106, 5331], [2814, 5244], [2742, 4687], [2618, 3976]]	[[2239, 5476], [2233, 5105], [2197, 4613], [2225, 4044]]
3-10-22-Schnable-Sorghum_310-201-9-2-44M_2022-03-11_14-35-56.963_5207500_Vis_SV_252.png	[[2006, 5358], [1561, 5324], [2493, 5189], [2665, 4656], [2066, 3974]]	[[2231, 5494], [2216, 5177], [2220, 5107], [2167, 4624], [2164, 4051]]
3-10-22-Schnable-Sorghum_310-201-9-2-44M_2022-03-11_14-35-56.963_5207500_Vis_SV_216.png	[[2007, 5391], [1902, 5388], [2138, 5194], [1572, 4011], [2450, 4635]]	[[2152, 4048], [2184, 4636], [2226, 5066], [2232, 5184], [2248, 5480]]
3-10-22-Schnable-Sorghum_310-201-9-2-44M_2022-03-11_14-35-56.963_5207500_Vis_SV_144.png	[[1617, 5318], [1945, 4662], [2887, 5327], [2340, 5426], [1390, 4089]]	[[2315, 5491], [2312, 4643]]
3-10-22-Schnable-Sorghum_310-201-9-2-44M_2022-03-11_14-35-56.963_5207500_Vis_SV_108.png	[[1705, 5393], [1831, 4685], [3078, 5264], [2511, 5396], [1861, 4116]]	[[2336, 5469], [2340, 5122], [2376, 4638], [2341, 4058]]
3-10-22-Schnable-Sorghum_310-201-9-2-44M_2022-03-11_14-35-56.963_5207500_Vis_SV_0.png	[[2841, 5424], [2421, 5311], [2122, 5110], [2405, 4758], [3272, 4040]]	[[2293, 5160], [2313, 5098], [2329, 4612], [2376, 4035], [2300, 5456]]
3-10-22-Schnable-Sorghum_310-202-11-1-SC_500_2022-03-11_14-37-52.731_5207600_Vis_TV_90.png	[[2704, 3289], [2271, 2880], [2034, 2595], [4524, 1669], [4671, 1639], [4457, 2040], [4444, 2405]]	[]
3-10-22-Schnable-Sorghum_310-202-11-1-SC_500_2022-03-11_14-37-52.731_5207600_Vis_SV_72.png	[[1984, 4737], [2042, 4972], [1346, 4379], [1102, 3837], [3144, 3173], [3256, 3825], [3201, 4136], [3484, 4834], [3164, 5021]]	[[2442, 5199], [2391, 5148]]
3-10-22-Schnable-Sorghum_310-202-11-1-SC_500_2022-03-11_14-37-52.731_5207600_Vis_SV_36.png	[[2136, 4432], [2686, 3177], [1717, 3862], [2670, 4953], [2769, 4978], [2883, 4721], [2992, 4712]]	[[2423, 5134]]
3-10-22-Schnable-Sorghum_310-202-11-1-SC_500_2022-03-11_14-37-52.731_5207600_Vis_SV_324.png	[[3329, 3820], [3488, 4303], [3515, 4527], [3224, 4810], [1037, 3852], [1582, 3200], [1531, 4969], [1620, 4704], [1090, 4174]]	[[2250, 4978], [2249, 5076], [2325, 5117], [2254, 5166], [2290, 4716], [2245, 4445], [2246, 4840], [2301, 4927], [2318, 5037]]
3-10-22-Schnable-Sorghum_310-202-11-1-SC_500_2022-03-11_14-37-52.731_5207600_Vis_SV_288.png	[[3141, 4448], [3416, 4188], [3553, 3777], [1237, 5113], [1130, 4790], [842, 4251], [755, 3901], [1264, 3188], [2971, 4708]]	[[2176, 4993], [2247, 5049], [2246, 5130], [2177, 5082], [2178, 5175], [2231, 4946], [2177, 4848], [2183, 4440], [2214, 4733]]
3-10-22-Schnable-Sorghum_310-202-11-1-SC_500_2022-03-11_14-37-52.731_5207600_Vis_SV_252.png	[[1314, 3158], [1320, 5238], [1011, 4930], [1150, 4326], [1042, 3945], [3295, 3751], [3053, 4189], [2509, 4419], [2444, 4691]]	[[2133, 5191], [2138, 5101], [2137, 4986], [2134, 4845], [2157, 4455]]
3-10-22-Schnable-Sorghum_310-202-11-1-SC_500_2022-03-11_14-37-52.731_5207600_Vis_SV_216.png	[[1993, 4414], [1798, 4378], [2729, 3738], [1792, 3161], [1330, 5066], [1834, 5347]]	[[2179, 4459], [2138, 4995], [2152, 4854], [2145, 5213]]
3-10-22-Schnable-Sorghum_310-202-11-1-SC_500_2022-03-11_14-37-52.731_5207600_Vis_SV_144.png	[[3146, 5274], [3080, 5060], [3709, 3920], [3648, 4284], [1003, 4574], [1312, 4873], [1403, 3770], [1199, 4228], [3076, 3152]]	[[2323, 4445], [2315, 5221], [2246, 5166], [2313, 5126], [2258, 5083], [2318, 5024], [2272, 4983], [2317, 4894], [2279, 4762]]
3-10-22-Schnable-Sorghum_310-202-11-1-SC_500_2022-03-11_14-37-52.731_5207600_Vis_SV_108.png	[[3652, 4195], [3550, 4839], [3361, 5131], [1517, 4952], [1212, 4655], [995, 4323], [1019, 3788], [3310, 3168], [3798, 3850]]	[[2398, 5130], [2334, 5070], [2399, 5030], [2341, 4954], [2393, 4876], [2354, 4748], [2382, 4452], [2328, 5156], [2398, 5209]]
3-10-22-Schnable-Sorghum_310-202-11-1-SC_500_2022-03-11_14-37-52.731_5207600_Vis_SV_0.png	[[1709, 3840], [1708, 4125], [2085, 4933], [3176, 4903], [3515, 4594], [3016, 4425], [2613, 3874], [2090, 3182]]	[[2381, 5120], [2378, 5030], [2367, 4916], [2349, 4723]]
3-10-22-Schnable-Sorghum_310-203-11-2-SC_500_2022-03-11_14-40-14.670_5207700_Vis_TV_90.png	[[2329, 3092], [2213, 3197], [2254, 2472], [2417, 2516], [4883, 2369], [4648, 2051], [4485, 2020]]	[]
3-10-22-Schnable-Sorghum_310-203-11-2-SC_500_2022-03-11_14-40-14.670_5207700_Vis_SV_72.png	[[1296, 5073], [1446, 4758], [1445, 4435], [1415, 4062], [1406, 3188], [3740, 3779], [3478, 4057], [3370, 4612], [3241, 4816]]	[[2246, 5164], [2326, 5101], [2249, 5060], [2331, 5019], [2263, 4967], [2335, 4911], [2274, 4797], [2338, 4700], [2329, 4411]]
3-10-22-Schnable-Sorghum_310-203-11-2-SC_500_2022-03-11_14-40-14.670_5207700_Vis_SV_36.png	[[1857, 5123], [2148, 4812], [2334, 4417], [2417, 4067], [1809, 3192], [3161, 3749], [2796, 4022], [2716, 4742]]	[[2291, 5167], [2306, 5066]]
3-10-22-Schnable-Sorghum_310-203-11-2-SC_500_2022-03-11_14-40-14.670_5207700_Vis_SV_324.png	[[1488, 4804], [1330, 4607], [1260, 4065], [1529, 3759], [2968, 3172], [3746, 3974], [3675, 4353], [3371, 4687], [3178, 5007]]	[[2368, 5150], [2290, 5101], [2359, 5062], [2293, 5007], [2299, 4883], [2341, 4955], [2315, 4792], [2341, 4389]]
3-10-22-Schnable-Sorghum_310-203-11-2-SC_500_2022-03-11_14-40-14.670_5207700_Vis_SV_288.png	[[1140, 4905], [936, 4705], [825, 4127], [900, 3792], [3192, 3177], [3544, 3928], [3492, 4264], [3368, 4594], [3415, 4965]]	[[2361, 5146], [2261, 5104], [2350, 5043], [2266, 5015], [2339, 4955], [2267, 4888], [2332, 4783], [2259, 4677], [2296, 4363]]
3-10-22-Schnable-Sorghum_310-203-11-2-SC_500_2022-03-11_14-40-14.670_5207700_Vis_SV_252.png	[[1202, 5028], [1005, 4817], [891, 4196], [710, 3840], [3081, 3210], [2938, 3895], [2936, 4210], [2977, 4522], [3150, 4846]]	[[2333, 5133], [2238, 5095], [2327, 5047], [2238, 4995], [2311, 4935], [2284, 4781], [2236, 4684]]
3-10-22-Schnable-Sorghum_310-203-11-2-SC_500_2022-03-11_14-40-14.670_5207700_Vis_SV_216.png	[[1743, 5077], [1635, 4904], [1568, 4240], [1106, 3848], [2651, 4787], [2158, 3884]]	[[2242, 5108]]
3-10-22-Schnable-Sorghum_310-203-11-2-SC_500_2022-03-11_14-40-14.670_5207700_Vis_SV_144.png	[[1440, 4863], [1288, 4567], [965, 4283], [904, 3931], [1675, 3196], [3257, 3860], [3519, 4218], [3410, 4858], [3198, 5054]]	[[2282, 5109], [2274, 5012], [2274, 4895], [2212, 5145], [2214, 5050], [2208, 4963], [2218, 4817], [2246, 4702], [2232, 4431]]
3-10-22-Schnable-Sorghum_310-203-11-2-SC_500_2022-03-11_14-40-14.670_5207700_Vis_SV_108.png	[[1161, 4968], [1144, 4671], [929, 4376], [857, 4003], [1388, 3189], [3821, 3819], [3773, 4112], [3668, 4715], [3469, 4930]]	[[2214, 5165], [2301, 5120], [2220, 5064], [2299, 5029], [2231, 4970], [2299, 4913], [2232, 4809], [2306, 4713], [2272, 4423]]
3-10-22-Schnable-Sorghum_310-203-11-2-SC_500_2022-03-11_14-40-14.670_5207700_Vis_SV_0.png	[[2629, 5119], [2933, 4740], [3307, 4425], [3379, 4012], [2400, 3169], [2014, 4553], [2113, 4744]]	[[2335, 5164]]
3-10-22-Schnable-Sorghum_310-204-16-1-P850029_2022-03-11_14-42-08.383_5207800_Vis_TV_90.png	[[3055, 3455], [2696, 2494], [2164, 1343], [2491, 1309], [4037, 1536], [4919, 1259], [4940, 1446], [3860, 2221]]	[]
3-10-22-Schnable-Sorghum_310-204-16-1-P850029_2022-03-11_14-42-08.383_5207800_Vis_SV_72.png	[[1673, 4444], [1475, 4056], [1262, 4136], [1031, 3366], [3308, 3224], [3549, 4372], [3350, 4543], [2955, 4940], [2875, 5230]]	[[2395, 5133], [2467, 5054], [2411, 4985], [2477, 4881], [2430, 4731], [2503, 4595], [2460, 4406], [2522, 4248], [2504, 4071], [2588, 3611]]
3-10-22-Schnable-Sorghum_310-204-16-1-P850029_2022-03-11_14-42-08.383_5207800_Vis_SV_36.png	[[952, 4235], [1274, 4031], [858, 3377], [2093, 4518], [2578, 5181], [3133, 3388]]	[[2271, 5129]]
3-10-22-Schnable-Sorghum_310-204-16-1-P850029_2022-03-11_14-42-08.383_5207800_Vis_SV_324.png	[[1804, 5126], [1210, 5030], [728, 4699], [597, 4596], [926, 3237], [3181, 3372], [2148, 3362], [2886, 4453], [2073, 4167], [1897, 4331]]	[[2097, 5146], [2002, 5113], [2071, 5006], [1974, 4937], [2015, 4762], [1922, 4654], [1946, 4434], [1849, 4272], [1889, 4094], [1742, 3629]]
3-10-22-Schnable-Sorghum_310-204-16-1-P850029_2022-03-11_14-42-08.383_5207800_Vis_SV_288.png	[[1658, 5258], [1119, 5153], [418, 4840], [624, 3222], [2711, 3356], [3123, 3349], [2798, 4251], [3010, 4344], [2724, 4165]]	[[2096, 5190], [2003, 5131], [2065, 5038], [1977, 4956], [2014, 4795], [1926, 4670], [1960, 4448], [1856, 4290], [1878, 4091], [1730, 3644]]
3-10-22-Schnable-Sorghum_310-204-16-1-P850029_2022-03-11_14-42-08.383_5207800_Vis_SV_252.png	[[1667, 5349], [1501, 5289], [857, 4966], [493, 4881], [961, 3206], [2125, 3391], [3662, 3336], [2816, 4349], [3176, 4115], [3472, 4257]]	[[2181, 5206], [2102, 5150], [2164, 5079], [2088, 4964], [2135, 4832], [2063, 4682], [2095, 4500], [2015, 4307], [2045, 4134], [1941, 3652]]
3-10-22-Schnable-Sorghum_310-204-16-1-P850029_2022-03-11_14-42-08.383_5207800_Vis_SV_216.png	[[2257, 5316], [1927, 5415], [2000, 5141], [3254, 4020], [3586, 4208], [3587, 3343], [1946, 3186], [1596, 3412]]	[[2283, 5168]]
3-10-22-Schnable-Sorghum_310-204-16-1-P850029_2022-03-11_14-42-08.383_5207800_Vis_SV_144.png	[[4092, 4928], [3450, 5149], [2838, 5283], [3860, 3201], [1239, 3395], [2363, 3362], [1725, 4374]]	[[2653, 4662], [2636, 4459], [2566, 4791], [2597, 4940], [2515, 5023], [2569, 5123], [2487, 5170], [2711, 4295], [2701, 4106], [2835, 3624]]
3-10-22-Schnable-Sorghum_310-204-16-1-P850029_2022-03-11_14-42-08.383_5207800_Vis_SV_108.png	[[1575, 4404], [1922, 4025], [1881, 4103], [1728, 3407], [1644, 3353], [3850, 3218], [3989, 4693], [3342, 4921], [2934, 5311]]	[[2549, 4753], [2635, 4632], [2603, 4445], [2679, 4270], [2680, 4077], [2806, 3621], [2479, 5158], [2567, 5093], [2507, 5006], [2588, 4909]]
3-10-22-Schnable-Sorghum_310-204-16-1-P850029_2022-03-11_14-42-08.383_5207800_Vis_SV_0.png	[[1634, 4956], [1524, 4141], [2513, 4523], [3402, 3450], [1627, 3242], [1230, 3369], [1152, 4317], [1344, 4466]]	[[2159, 5131]]
3-10-22-Schnable-Sorghum_310-205-16-2-P850029_2022-03-11_14-44-09.928_5207900_Vis_TV_90.png	[[2351, 1992], [1607, 1198], [1985, 1675], [1703, 1082], [2212, 1256], [4014, 648], [4182, 1889]]	[]
3-10-22-Schnable-Sorghum_310-205-16-2-P850029_2022-03-11_14-44-09.928_5207900_Vis_SV_72.png	[[3108, 4896], [2801, 3956], [1122, 4917], [936, 4700], [805, 4557], [582, 4405], [517, 4227], [856, 3881], [2372, 3110]]	[[2090, 5207], [2163, 5121], [2063, 5061], [2127, 4963], [2032, 4841], [2087, 4716], [2006, 4597], [2050, 4449], [1969, 4362], [1984, 4186], [1885, 3797]]
3-10-22-Schnable-Sorghum_310-205-16-2-P850029_2022-03-11_14-44-09.928_5207900_Vis_SV_36.png	[[1196, 5037], [541, 4865], [907, 3959], [2532, 4855]]	[[2042, 5234], [2093, 5135], [1941, 4867], [2039, 4988], [1979, 4730], [1907, 4629], [1921, 4463], [1853, 4361], [1864, 4216], [1766, 3830]]
3-10-22-Schnable-Sorghum_310-205-16-2-P850029_2022-03-11_14-44-09.928_5207900_Vis_SV_324.png	[[2559, 5122], [1812, 5133], [1680, 4969], [1400, 4928], [891, 4320], [497, 4058], [422, 3998], [749, 3052], [2632, 4012]]	[[2234, 5278], [2184, 5142]]
3-10-22-Schnable-Sorghum_310-205-16-2-P850029_2022-03-11_14-44-09.928_5207900_Vis_SV_288.png	[[1162, 5067], [1208, 4421], [610, 4171], [548, 4048], [1168, 3155], [3475, 3973], [3819, 4308], [3843, 4611], [3277, 5041], [3198, 5002], [3175, 5106]]	[[2375, 5274], [2289, 5197], [2373, 5133], [2300, 5055], [2370, 4923], [2297, 4829], [2373, 4682], [2300, 4458], [2392, 4413], [2339, 4249], [2416, 3850]]
3-10-22-Schnable-Sorghum_310-205-16-2-P850029_2022-03-11_14-44-09.928_5207900_Vis_SV_252.png	[[1401, 5169], [2024, 4438], [1512, 4200], [1551, 4069], [2141, 2990], [4080, 4834], [3910, 4955], [3478, 4946]]	[[2424, 5191], [2487, 5258], [2510, 5132], [2447, 5040], [2548, 4920], [2490, 4809], [2574, 4678], [2533, 4477], [2619, 4410], [2575, 4248], [2698, 3828]]
3-10-22-Schnable-Sorghum_310-205-16-2-P850029_2022-03-11_14-44-09.928_5207900_Vis_SV_216.png	[[1997, 5258], [3268, 4778], [4001, 4777], [4065, 4694], [3940, 4333], [3020, 4365], [3183, 3007]]	[[2492, 5151], [2576, 5106], [2531, 4993], [2627, 4901], [2596, 4748], [2682, 4626], [2659, 4447], [2717, 4334], [2693, 4222]]
3-10-22-Schnable-Sorghum_310-205-16-2-P850029_2022-03-11_14-44-09.928_5207900_Vis_SV_144.png	[[2034, 4775], [1967, 4436], [2003, 4110], [2017, 3851], [3699, 3069], [4116, 3972], [4092, 4068], [3596, 4284], [3285, 5131], [2623, 4597], [2748, 4515]]	[[2341, 5183], [2419, 5120], [2429, 4958], [2444, 4726], [2475, 4402], [2474, 4186], [2456, 3794], [2412, 4822], [2379, 5042], [2423, 4564], [2434, 4344]]
3-10-22-Schnable-Sorghum_310-205-16-2-P850029_2022-03-11_14-44-09.928_5207900_Vis_SV_108.png	[[1449, 4799], [1675, 4603], [1222, 4228], [1256, 4014], [1294, 3872], [3102, 3148], [3663, 3856], [3636, 3979], [3164, 4198], [3399, 4993]]	[[2203, 5193], [2279, 5107], [2207, 5037], [2275, 4948], [2198, 4812], [2267, 4709], [2198, 4588], [2249, 4436], [2190, 4359], [2221, 4177], [2149, 3790]]
3-10-22-Schnable-Sorghum_310-205-16-2-P850029_2022-03-11_14-44-09.928_5207900_Vis_SV_0.png	[[1785, 5114], [862, 5040], [652, 4916], [648, 4643], [785, 4354], [994, 4010], [859, 3899], [1570, 4016], [943, 3122]]	[[2103, 5245]]
3-10-22-Schnable-Sorghum_310-206-17-6-AS_4601_Pawaga_2022-03-11_14-46-07.851_5208000_Vis_TV_90.png	[[3484, 1742], [2589, 2478]]	[]
3-10-22-Schnable-Sorghum_310-206-17-6-AS_4601_Pawaga_2022-03-11_14-46-07.851_5208000_Vis_SV_72.png	[[1670, 3988], [1508, 5342], [1667, 5815], [1911, 5946], [1608, 5766], [2353, 4655]]	[[2208, 5085], [2255, 5119], [2251, 5015], [2202, 4964], [2242, 4852], [2196, 4711], [2224, 4488], [2190, 4223], [2208, 3908], [2171, 3305]]
3-10-22-Schnable-Sorghum_310-206-17-6-AS_4601_Pawaga_2022-03-11_14-46-07.851_5208000_Vis_SV_36.png	[[1754, 5954], [1813, 5862], [2078, 5971], [1733, 5367], [2001, 4016]]	[[2200, 5094], [2209, 4971], [2212, 4864], [2205, 4715], [2213, 4513], [2208, 4221], [2221, 3908], [2248, 3312]]
3-10-22-Schnable-Sorghum_310-206-17-6-AS_4601_Pawaga_2022-03-11_14-46-07.851_5208000_Vis_SV_324.png	[[1700, 5904], [1896, 5882], [1879, 5703], [1685, 4822], [2933, 3985], [2447, 6001], [2583, 5962], [2658, 5853], [2684, 5466]]	[[2236, 5148], [2292, 5099], [2244, 5040], [2287, 4972], [2253, 4878], [2303, 4716], [2283, 4513], [2325, 4216], [2313, 3902], [2396, 3310]]
3-10-22-Schnable-Sorghum_310-206-17-6-AS_4601_Pawaga_2022-03-11_14-46-07.851_5208000_Vis_SV_288.png	[[2691, 5918], [2788, 5940], [2938, 5779], [3020, 5370], [3075, 3952], [1856, 4855], [1756, 5999], [1974, 5980], [1980, 5922], [1970, 5759]]	[[2278, 5152], [2335, 5101], [2287, 5046], [2338, 4975], [2301, 4880], [2348, 4710], [2324, 4508], [2364, 4212], [2340, 3901], [2409, 3305]]
3-10-22-Schnable-Sorghum_310-206-17-6-AS_4601_Pawaga_2022-03-11_14-46-07.851_5208000_Vis_SV_252.png	[[2654, 5848], [2915, 5853], [2950, 5679], [3050, 5274], [2897, 3933], [2230, 4881], [1995, 6017], [2089, 5966], [2198, 5964]]	[[2318, 5142], [2373, 5085], [2329, 5035], [2376, 4963], [2342, 4870], [2370, 4711], [2345, 4502], [2373, 4213], [2345, 3897], [2373, 3308]]
3-10-22-Schnable-Sorghum_310-206-17-6-AS_4601_Pawaga_2022-03-11_14-46-07.851_5208000_Vis_SV_216.png	[[2293, 6022], [2397, 6044], [2737, 5707], [2706, 5537], [2533, 4774], [2487, 3920]]	[[2357, 5018], [2359, 4861], [2362, 4697], [2342, 4224], [2300, 3324]]
3-10-22-Schnable-Sorghum_310-206-17-6-AS_4601_Pawaga_2022-03-11_14-46-07.851_5208000_Vis_SV_144.png	[[2890, 5927], [2644, 5907], [2686, 5840], [2704, 5669], [2863, 4771], [1727, 3940], [1956, 5663]]	[[2338, 5123], [2284, 5065], [2325, 5017], [2279, 4952], [2311, 4856], [2263, 4687], [2283, 4484], [2239, 4200], [2248, 3901], [2156, 3318]]
3-10-22-Schnable-Sorghum_310-206-17-6-AS_4601_Pawaga_2022-03-11_14-46-07.851_5208000_Vis_SV_108.png	[[1906, 5878], [1815, 5728], [1558, 5432], [1598, 5240], [2669, 4700], [1593, 3952], [2590, 5634], [2696, 5746], [2590, 5770], [2821, 5805]]	[[2298, 5121], [2241, 5076], [2286, 5010], [2231, 4957], [2272, 4852], [2218, 4703], [2246, 4495], [2199, 4211], [2220, 3899], [2140, 3317]]
3-10-22-Schnable-Sorghum_310-206-17-6-AS_4601_Pawaga_2022-03-11_14-46-07.851_5208000_Vis_SV_0.png	[[2039, 5871], [1925, 5814], [1840, 5829], [1712, 4764], [2503, 4010], [2084, 5998], [2374, 5937], [2262, 5886]]	[[2237, 4508], [2266, 3908]]
3-10-22-Schnable-Sorghum_310-207-17-7-AS_4601_Pawaga_2022-03-11_14-49-30.984_5208100_Vis_TV_90.png	[[3137, 2445], [3674, 2365], [3631, 2303], [3905, 1903]]	[]
3-10-22-Schnable-Sorghum_310-207-17-7-AS_4601_Pawaga_2022-03-11_14-49-30.984_5208100_Vis_SV_72.png	[[1800, 5812], [1886, 5661], [1860, 5432], [1803, 4743], [2727, 3709], [2800, 4714], [2670, 5830], [2749, 5777], [2136, 5606]]	[[2371, 5127], [2325, 5079], [2375, 4990], [2339, 4885], [2378, 4647], [2362, 4359], [2400, 4071], [2382, 3725], [2463, 3116]]
3-10-22-Schnable-Sorghum_310-207-17-7-AS_4601_Pawaga_2022-03-11_14-49-30.984_5208100_Vis_SV_36.png	[[2010, 5876], [2033, 5683], [2322, 5615], [2617, 5719], [1873, 5495], [1812, 4717], [2300, 3670]]	[[2384, 5104], [2353, 5059], [2353, 4876], [2374, 4977], [2370, 4648], [2341, 4355], [2359, 4065], [2342, 3710], [2362, 3124]]
3-10-22-Schnable-Sorghum_310-207-17-7-AS_4601_Pawaga_2022-03-11_14-49-30.984_5208100_Vis_SV_324.png	[[1672, 3716], [1692, 5035], [2576, 5673], [2676, 5786], [2579, 5556], [2288, 5491]]	[[2228, 4064], [2206, 3721], [2124, 3122]]
3-10-22-Schnable-Sorghum_310-207-17-7-AS_4601_Pawaga_2022-03-11_14-49-30.984_5208100_Vis_SV_288.png	[[1928, 5828], [1895, 5743], [2514, 5506], [2580, 5552], [2730, 5611], [2800, 5778], [1542, 5107], [1596, 3737], [2633, 4827]]	[[2247, 5100], [2284, 5046], [2240, 4976], [2266, 4862], [2221, 4649], [2230, 4350], [2174, 4067], [2181, 3717], [2066, 3117]]
3-10-22-Schnable-Sorghum_310-207-17-7-AS_4601_Pawaga_2022-03-11_14-49-30.984_5208100_Vis_SV_252.png	[[1906, 5890], [1739, 5057], [2432, 5487], [2749, 5712], [2747, 5560], [2715, 5476], [2768, 4749], [1768, 3752]]	[[2202, 5110], [2245, 5049], [2207, 4975], [2234, 4870], [2192, 4656], [2203, 4360], [2162, 4068], [2175, 3722], [2084, 3104]]
3-10-22-Schnable-Sorghum_310-207-17-7-AS_4601_Pawaga_2022-03-11_14-49-30.984_5208100_Vis_SV_216.png	[[1946, 5875], [2033, 5928], [2691, 5419], [2586, 5512], [2647, 4756], [2258, 3673], [2140, 5204]]	[[2215, 3725], [2195, 5112]]
3-10-22-Schnable-Sorghum_310-207-17-7-AS_4601_Pawaga_2022-03-11_14-49-30.984_5208100_Vis_SV_144.png	[[2916, 3729], [2935, 5178], [2511, 5955], [2477, 5903], [2029, 5526], [2051, 5502], [1970, 5665], [2251, 5360]]	[[2279, 5135], [2244, 5079], [2280, 5000], [2259, 4889], [2300, 4659], [2296, 4361], [2339, 4080], [2340, 3730], [2427, 3107]]
3-10-22-Schnable-Sorghum_310-207-17-7-AS_4601_Pawaga_2022-03-11_14-49-30.984_5208100_Vis_SV_108.png	[[1855, 5585], [2013, 5576], [1989, 5385], [1928, 4736], [2940, 3720], [3015, 5090], [2687, 5826], [2658, 5902], [1801, 5725]]	[[2329, 5130], [2288, 5073], [2331, 4997], [2300, 4882], [2351, 4661], [2342, 4360], [2385, 4075], [2371, 3728], [2484, 3111]]
3-10-22-Schnable-Sorghum_310-207-17-7-AS_4601_Pawaga_2022-03-11_14-49-30.984_5208100_Vis_SV_0.png	[[2499, 5598], [2359, 5896], [2356, 5715], [2143, 4862], [1928, 3684]]	[[2361, 5082], [2332, 5026], [2338, 4967], [2336, 4854], [2331, 4647], [2304, 4350], [2295, 4071], [2267, 3709], [2218, 3113]]
3-10-22-Schnable-Sorghum_310-208-17-8-AS_4601_Pawaga_2022-03-11_14-51-06.617_5208200_Vis_SV_72.png	[[1663, 4272], [1584, 5099], [2626, 4984], [2621, 5383], [2601, 5615], [1737, 6015], [1919, 6052], [1968, 6227]]	[[2290, 3446], [2316, 3913], [2270, 4229], [2291, 4531], [2242, 4755], [2275, 4911], [2232, 5012], [2264, 5083]]
3-10-22-Schnable-Sorghum_310-208-17-8-AS_4601_Pawaga_2022-03-11_14-51-06.617_5208200_Vis_SV_36.png	[[1626, 5161], [1630, 4306], [2282, 5075], [2292, 5462], [1667, 6128], [1940, 6119], [2048, 6261]]	[[2238, 3458], [2269, 3910], [2240, 4220], [2239, 4527], [2221, 4761], [2216, 5002], [2234, 4903]]
3-10-22-Schnable-Sorghum_310-208-17-8-AS_4601_Pawaga_2022-03-11_14-51-06.617_5208200_Vis_SV_324.png	[[1746, 5681], [1738, 5544], [1830, 5117], [2235, 4320], [2370, 5097], [2232, 6263], [2340, 6183], [2455, 6257]]	[[2192, 3449], [2187, 3918], [2205, 4233], [2206, 4555], [2246, 4785], [2225, 4933]]
3-10-22-Schnable-Sorghum_310-208-17-8-AS_4601_Pawaga_2022-03-11_14-51-06.617_5208200_Vis_SV_288.png	[[2790, 5217], [2687, 4359], [1820, 5172], [1712, 5634], [1728, 5779], [2559, 6126], [2622, 6223]]	[[2260, 5098], [2307, 5033], [2261, 4939], [2289, 4772], [2243, 4559], [2245, 4234], [2202, 3927], [2217, 3448]]
3-10-22-Schnable-Sorghum_310-208-17-8-AS_4601_Pawaga_2022-03-11_14-51-06.617_5208200_Vis_SV_252.png	[[2927, 4317], [2998, 5137], [1987, 5222], [2872, 6145], [1931, 5857], [1934, 5696]]	[[2264, 3441], [2239, 3936], [2288, 4230], [2280, 4556], [2329, 4769], [2299, 4950], [2349, 5024], [2310, 5100]]
3-10-22-Schnable-Sorghum_310-208-17-8-AS_4601_Pawaga_2022-03-11_14-51-06.617_5208200_Vis_SV_216.png	[[2911, 4265], [2861, 5029], [2281, 5885], [2893, 6049]]	[[2312, 3440], [2302, 3932], [2325, 4250]]
3-10-22-Schnable-Sorghum_310-208-17-8-AS_4601_Pawaga_2022-03-11_14-51-06.617_5208200_Vis_SV_144.png	[[2845, 5775], [2865, 5645], [2754, 5169], [2217, 4903]]	[[2339, 5075], [2303, 5010], [2344, 4923], [2316, 4764], [2354, 4543], [2345, 4230], [2375, 3911], [2362, 3459]]
3-10-22-Schnable-Sorghum_310-208-17-8-AS_4601_Pawaga_2022-03-11_14-51-06.617_5208200_Vis_SV_108.png	[[2821, 5684], [2953, 5424], [2739, 5102], [1823, 5032], [1915, 4238]]	[[2308, 5070], [2265, 5016], [2311, 4912], [2284, 4757], [2333, 4532], [2321, 4221], [2362, 3914], [2331, 3452]]
3-10-22-Schnable-Sorghum_310-208-17-8-AS_4601_Pawaga_2022-03-11_14-51-06.617_5208200_Vis_SV_0.png	[[2296, 6318], [2101, 6180], [1849, 6234], [1922, 5626], [1940, 5491], [1983, 5213], [1854, 4342]]	[[2218, 4759], [2211, 4548], [2220, 4231], [2206, 3920], [2201, 3452]]
3-10-22-Schnable-Sorghum_310-211-22-2-R_LINE_AR2002_2022-03-11_14-59-49.733_5208500_Vis_TV_90.png	[[3058, 1938], [3379, 1989], [3319, 1873], [3208, 1964], [2912, 2247], [3416, 2603], [4256, 1851], [2956, 2188]]	[]
3-10-22-Schnable-Sorghum_310-211-22-2-R_LINE_AR2002_2022-03-11_14-59-49.733_5208500_Vis_SV_72.png	[[3047, 3950], [1392, 4710], [1800, 5535], [2138, 5437], [2572, 5692]]	[[2255, 4777], [2337, 4655], [2271, 4531], [2336, 4430], [2252, 4335], [2321, 4210], [2256, 4081], [2315, 3929], [2256, 3780], [2305, 3635], [2249, 3493], [2298, 3322], [2246, 3122], [2280, 2855]]
3-10-22-Schnable-Sorghum_310-211-22-2-R_LINE_AR2002_2022-03-11_14-59-49.733_5208500_Vis_SV_36.png	[[1451, 4777], [1765, 5361], [1795, 5348], [2576, 3920], [1880, 5482], [1928, 6207], [2148, 6281], [2126, 6099], [2704, 6002]]	[[2279, 4783], [2326, 4649], [2272, 4533], [2317, 4428], [2269, 4334], [2304, 4212], [2252, 4091], [2284, 3935], [2218, 3786], [2265, 3640], [2210, 3493], [2245, 3318], [2193, 3110], [2217, 2850]]
3-10-22-Schnable-Sorghum_310-211-22-2-R_LINE_AR2002_2022-03-11_14-59-49.733_5208500_Vis_SV_324.png	[[1525, 4042], [1919, 5073], [1891, 5465], [1852, 5610], [2090, 6394], [2487, 5598], [2433, 4769], [2616, 6180], [2474, 6246], [2423, 6048], [2041, 5378]]	[[2311, 4779], [2245, 4433], [2250, 4653], [2285, 4336], [2224, 4218], [2261, 4097], [2213, 3943], [2248, 3790], [2183, 3649], [2216, 3493], [2170, 3317], [2197, 3112], [2151, 2864]]
3-10-22-Schnable-Sorghum_310-211-22-2-R_LINE_AR2002_2022-03-11_14-59-49.733_5208500_Vis_SV_288.png	[[1286, 4109], [2970, 4746], [2052, 5178], [2404, 5443], [2113, 5637], [1936, 6142], [1922, 5854], [1976, 6043], [2689, 6165], [2522, 6049], [2739, 5550], [2550, 6184]]	[[2318, 4768], [2229, 4671], [2312, 4526], [2222, 4440], [2301, 4334], [2221, 4218], [2286, 4088], [2213, 3948], [2275, 3792], [2210, 3644], [2264, 3483], [2203, 3320], [2238, 3109], [2194, 2864]]
3-10-22-Schnable-Sorghum_310-211-22-2-R_LINE_AR2002_2022-03-11_14-59-49.733_5208500_Vis_SV_252.png	[[1388, 4051], [3193, 4710], [2875, 5385], [2247, 5216], [2458, 5695], [2704, 5400], [1969, 6207]]	[[2307, 4769], [2234, 4662], [2306, 4535], [2236, 4434], [2309, 4338], [2239, 4220], [2308, 4093], [2245, 3941], [2307, 3800], [2252, 3649], [2305, 3498], [2252, 3317], [2299, 3109], [2258, 2845]]
3-10-22-Schnable-Sorghum_310-211-22-2-R_LINE_AR2002_2022-03-11_14-59-49.733_5208500_Vis_SV_216.png	[[1943, 4056], [3000, 4622], [2773, 5392], [2696, 5196], [2708, 5643], [2248, 5899], [2760, 6170], [1906, 6106], [2110, 6255], [2127, 6185]]	[[2308, 4542], [2257, 4446], [2308, 4329], [2266, 4232], [2308, 4088], [2282, 3946], [2337, 3795], [2298, 3643], [2350, 3500], [2313, 3312], [2364, 3118], [2328, 2825]]
3-10-22-Schnable-Sorghum_310-211-22-2-R_LINE_AR2002_2022-03-11_14-59-49.733_5208500_Vis_SV_144.png	[[3130, 4149], [2662, 5812], [2177, 6240], [2538, 6252], [2500, 6115], [1870, 6264]]	[[2256, 4766], [2313, 4665], [2272, 4529], [2319, 4441], [2270, 4334], [2325, 4218], [2292, 4079], [2339, 3937], [2314, 3780], [2362, 3639], [2336, 3493], [2382, 3314], [2347, 3122], [2391, 2849]]
3-10-22-Schnable-Sorghum_310-211-22-2-R_LINE_AR2002_2022-03-11_14-59-49.733_5208500_Vis_SV_108.png	[[3284, 4091], [1678, 4584], [2168, 5226], [2437, 5426], [2415, 6272], [2617, 6188], [1919, 6296]]	[[2351, 2858], [2306, 3127], [2336, 3322], [2292, 3498], [2338, 3638], [2279, 3794], [2338, 3934], [2273, 4085], [2329, 4216], [2265, 4334], [2334, 4434], [2256, 4531], [2335, 4658], [2251, 4770]]
3-10-22-Schnable-Sorghum_310-211-22-2-R_LINE_AR2002_2022-03-11_14-59-49.733_5208500_Vis_SV_0.png	[[1748, 5597], [1826, 5464], [1991, 5155], [1897, 4883], [2187, 5595], [2251, 6066], [2209, 6277], [1959, 6302], [2857, 6199], [2673, 6162]]	[[2285, 4335], [2298, 4772], [2263, 4079], [2231, 3785], [2199, 3490], [2192, 3328], [2162, 2881]]
3-10-22-Schnable-Sorghum_310-212-23-1-SC_1439_2022-03-11_15-01-44.995_5208600_Vis_TV_90.png	[[3105, 1355], [4422, 2040], [4454, 2181], [3991, 2074], [3767, 2044], [3069, 2312], [3273, 1938], [3095, 1977]]	[]
3-10-22-Schnable-Sorghum_310-212-23-1-SC_1439_2022-03-11_15-01-44.995_5208600_Vis_SV_72.png	[[2788, 5872], [2685, 5330], [3200, 3504], [2981, 2148], [1875, 6137], [1971, 5766], [1949, 5191], [1783, 4091]]	[[2243, 4915], [2310, 4787], [2298, 4578], [2364, 4325], [2348, 4048], [2430, 3742], [2422, 3340], [2524, 2944], [2545, 2481], [2660, 2071], [2728, 1401]]
3-10-22-Schnable-Sorghum_310-212-23-1-SC_1439_2022-03-11_15-01-44.995_5208600_Vis_SV_36.png	[[2642, 2238], [1432, 4083], [2658, 3624], [2464, 4606], [1819, 5175], [2098, 5822], [1882, 6011], [1717, 6206]]	[[2171, 4922], [2160, 4583], [2183, 4335], [2152, 4040], [2171, 3749], [2130, 3340], [2124, 2482], [2182, 2080], [2139, 1441]]
3-10-22-Schnable-Sorghum_310-212-23-1-SC_1439_2022-03-11_15-01-44.995_5208600_Vis_SV_324.png	[[1716, 2300], [1480, 3658], [1615, 4194], [1689, 4722], [1632, 5481], [1745, 6025], [1904, 6180], [2081, 6277], [2121, 5334], [2439, 5639], [1995, 6203]]	[[1976, 4369], [1943, 4072], [1835, 3758], [1786, 3344], [1421, 2000], [1242, 1279]]
3-10-22-Schnable-Sorghum_310-212-23-1-SC_1439_2022-03-11_15-01-44.995_5208600_Vis_SV_288.png	[[1455, 2217], [1160, 3683], [2208, 4210], [2401, 5287], [1485, 4784], [1593, 5574], [1656, 6143], [2177, 6229], [2515, 6387], [2606, 5779]]	[[1259, 1150], [1450, 1929], [1590, 2398], [1727, 2921], [1828, 3347], [1913, 3760], [2000, 4091], [2054, 4372], [2124, 4630], [2144, 4843], [2233, 4961]]
3-10-22-Schnable-Sorghum_310-212-23-1-SC_1439_2022-03-11_15-01-44.995_5208600_Vis_SV_252.png	[[1801, 6228], [1863, 5644], [1242, 3672], [1498, 2143], [2872, 4222], [2646, 5246], [2580, 5723], [2482, 6135], [2731, 6313], [2095, 6239]]	[[2327, 4966], [2255, 4861], [2274, 4624], [2182, 4384], [2204, 4098], [2109, 3782], [2118, 3343], [1983, 2895], [1938, 2362], [1793, 1866], [1680, 1011]]
3-10-22-Schnable-Sorghum_310-212-23-1-SC_1439_2022-03-11_15-01-44.995_5208600_Vis_SV_216.png	[[3192, 4142], [2746, 5199], [2690, 6106], [2826, 6176], [2303, 6262], [2169, 6251], [2079, 4809], [1804, 3683], [1880, 1928]]	[[2384, 4848], [2415, 4957], [2416, 4636], [2396, 4385], [2420, 4101], [2408, 3767], [2445, 3345], [2400, 2880], [2441, 2356], [2386, 1826], [2428, 963]]
3-10-22-Schnable-Sorghum_310-212-23-1-SC_1439_2022-03-11_15-01-44.995_5208600_Vis_SV_144.png	[[2887, 2151], [3177, 3712], [2948, 4853], [2974, 5571], [2865, 6198], [2613, 6198], [2157, 5494], [2483, 5004], [2837, 4084], [2652, 5999]]	[[3337, 1169], [3126, 1931], [2992, 2436], [2873, 2903], [2754, 3359], [2717, 3746], [2602, 4073], [2587, 4363], [2491, 4810], [2405, 4925]]
3-10-22-Schnable-Sorghum_310-212-23-1-SC_1439_2022-03-11_15-01-44.995_5208600_Vis_SV_108.png	[[2928, 6073], [2621, 6108], [2943, 5453], [3093, 4768], [3370, 3693], [3118, 2202], [2332, 4061], [1989, 5671], [2162, 5047]]	[[2343, 4920], [2423, 4817], [2422, 4590], [2512, 4341], [2529, 4054], [2630, 3743], [2662, 3337], [2792, 2926], [2854, 2466], [3014, 2014], [3159, 1328]]
3-10-22-Schnable-Sorghum_310-212-23-1-SC_1439_2022-03-11_15-01-44.995_5208600_Vis_SV_0.png	[[1327, 4155], [2162, 2290], [2026, 3639], [1761, 5226], [1900, 5217], [2314, 5845], [1748, 6293], [1820, 6092], [1970, 5895], [2024, 5968], [1937, 4597]]	[[1603, 1400], [1717, 2059], [1769, 2466], [2006, 4056], [1962, 3826]]
3-10-22-Schnable-Sorghum_310-213-23-2-SC_1439_2022-03-11_15-04-00.664_5208700_Vis_TV_90.png	[[3378, 3496], [3963, 1243], [3871, 2020], [4194, 2259], [2588, 1911]]	[]
3-10-22-Schnable-Sorghum_310-213-23-2-SC_1439_2022-03-11_15-04-00.664_5208700_Vis_SV_72.png	[[2045, 6209], [2656, 6171], [2736, 5781], [2465, 5356], [2646, 6094], [1860, 5843], [2045, 5519], [3155, 4089], [1453, 4227], [1933, 3758], [1983, 3697], [2004, 2607], [3412, 2703], [2353, 3327], [2677, 3743], [2587, 3681], [2737, 3609]]	[[2370, 4969], [2309, 4821], [2378, 4592], [2347, 4354], [2399, 4096], [2337, 3811], [2267, 3147], [2200, 2759], [2591, 2109], [2713, 1409], [2553, 2570], [2441, 3432], [2306, 3460], [2457, 3028]]
3-10-22-Schnable-Sorghum_310-213-23-2-SC_1439_2022-03-11_15-04-00.664_5208700_Vis_SV_36.png	[[2701, 5983], [2200, 6219], [1955, 5910], [1924, 5509], [2519, 5321], [1468, 4234], [1966, 3747], [2167, 3763], [2858, 4030], [2728, 3677], [3335, 3599], [3295, 2730], [2585, 2626]]	[[2331, 4965], [2305, 4812], [2365, 4589], [2342, 4353], [2362, 3799], [2347, 3459], [2300, 3144], [2271, 2764], [2552, 2593], [2182, 1871], [2588, 2135], [2678, 1478]]
3-10-22-Schnable-Sorghum_310-213-23-2-SC_1439_2022-03-11_15-04-00.664_5208700_Vis_SV_324.png	[[2678, 6132], [2445, 5890], [2174, 5632], [2303, 4313], [1869, 4047], [2682, 3723], [1040, 3819], [3346, 3691], [3065, 2715], [2239, 2765], [1851, 3752]]	[[2303, 3798], [2267, 3424], [2338, 3459], [2341, 3159], [2399, 2755], [2266, 2599], [2267, 2155], [2473, 1883], [2241, 1538]]
3-10-22-Schnable-Sorghum_310-213-23-2-SC_1439_2022-03-11_15-04-00.664_5208700_Vis_SV_288.png	[[1642, 2700], [2880, 2632], [1511, 4084], [1168, 3853], [2752, 3702], [2837, 4316], [3076, 3636], [2584, 3566], [1711, 3756], [2201, 5212], [2614, 5887], [2656, 6090], [2378, 5604]]	[[2212, 4963], [2270, 4815], [2202, 4582], [2249, 4336], [2198, 4076], [2256, 3803], [2171, 3431], [2283, 3454], [2322, 3158], [2172, 3022], [2400, 2766], [2104, 2595], [2084, 2160], [2528, 1905], [1992, 1520]]
3-10-22-Schnable-Sorghum_310-213-23-2-SC_1439_2022-03-11_15-04-00.664_5208700_Vis_SV_252.png	[[1943, 6185], [2103, 6299], [2552, 6030], [2686, 5830], [1894, 5623], [2105, 5281], [2580, 5556], [1388, 4112], [3121, 4251], [2604, 3723], [2546, 3622], [1222, 2763], [2452, 2724]]	[[2211, 4982], [2262, 4824], [2182, 4604], [2222, 4345], [2161, 4099], [2216, 3809], [2109, 3428], [2090, 3029], [2004, 2566], [1964, 2145], [1839, 1449], [2341, 2777], [2277, 3156], [2456, 1953], [2238, 3465]]
3-10-22-Schnable-Sorghum_310-213-23-2-SC_1439_2022-03-11_15-04-00.664_5208700_Vis_SV_216.png	[[1179, 2703], [2410, 3710], [2683, 3826], [3058, 4170], [1642, 4165], [1927, 3606], [1368, 3581], [2061, 5321], [2669, 5442], [2618, 5768], [2111, 6304], [1923, 6259]]	[[2229, 4973], [2276, 4810], [2205, 4594], [2227, 4359], [2162, 4087], [2218, 3810], [2103, 3424], [2202, 3460], [2265, 3141], [2089, 3022], [2262, 2764], [1980, 2558], [1959, 2121], [2334, 1948], [1823, 1389]]
3-10-22-Schnable-Sorghum_310-213-23-2-SC_1439_2022-03-11_15-04-00.664_5208700_Vis_SV_144.png	[[2295, 6280], [2347, 6232], [1913, 6069], [2186, 5380], [2811, 4177], [2805, 3754], [3527, 3811], [1253, 3621], [1231, 3724], [1476, 2751], [2375, 2647], [1876, 3714], [2191, 4169]]	[[2319, 4591], [2276, 4812], [2282, 4350], [2297, 4090], [2245, 3821], [2280, 3425], [2249, 3009], [2149, 2770], [2273, 2538], [2079, 1935], [2288, 1344]]
3-10-22-Schnable-Sorghum_310-213-23-2-SC_1439_2022-03-11_15-04-00.664_5208700_Vis_SV_108.png	[[1918, 6123], [2412, 5881], [2526, 6211], [2543, 6259], [2249, 5482], [1981, 5764], [2349, 5338], [3124, 4139], [1786, 4181], [1804, 3737], [1364, 3736], [3238, 3771], [2830, 3752], [3049, 2657], [1573, 2555]]	[[2360, 4967], [2299, 4816], [2361, 4592], [2317, 4359], [2367, 4089], [2292, 3823], [2263, 3464], [2378, 3441], [2234, 3155], [2371, 3018], [2147, 2754], [2454, 2545], [2011, 1913], [2445, 2095], [2562, 1357]]
3-10-22-Schnable-Sorghum_310-213-23-2-SC_1439_2022-03-11_15-04-00.664_5208700_Vis_SV_0.png	[[2972, 2676], [2818, 2752], [3225, 3725], [3456, 3583], [2461, 6215], [2188, 5941], [2039, 5580], [2702, 5687], [2484, 5321], [1874, 4274], [1329, 3769], [2091, 3745]]	[[2294, 4803], [2309, 4337], [2316, 4584], [2305, 4965], [2352, 4086], [2330, 3801], [2358, 3457], [2315, 3159], [2399, 3016], [2349, 2764], [2460, 2165], [2331, 1871], [2498, 1531]]
3-10-22-Schnable-Sorghum_310-214-29-1-Red_Amber_2022-03-11_15-05-53.607_5208800_Vis_TV_90.png	[[2941, 2314], [3268, 1917], [3598, 2177]]	[]
3-10-22-Schnable-Sorghum_310-214-29-1-Red_Amber_2022-03-11_15-05-53.607_5208800_Vis_SV_72.png	[[1837, 6049], [2487, 5517]]	[[2312, 4928], [2287, 5037], [2299, 4727]]
3-10-22-Schnable-Sorghum_310-214-29-1-Red_Amber_2022-03-11_15-05-53.607_5208800_Vis_SV_36.png	[[1990, 6104], [1898, 5966]]	[[2311, 5040], [2336, 4915], [2331, 4726]]
3-10-22-Schnable-Sorghum_310-214-29-1-Red_Amber_2022-03-11_15-05-53.607_5208800_Vis_SV_324.png	[[1901, 6074], [2566, 6096]]	[[2316, 5038], [2316, 4912], [2341, 4704], [2349, 4211]]
3-10-22-Schnable-Sorghum_310-214-29-1-Red_Amber_2022-03-11_15-05-53.607_5208800_Vis_SV_288.png	[[2725, 6039], [1923, 6010], [2145, 5461], [2064, 6049]]	[[2297, 5039], [2295, 4914], [2307, 4715], [2286, 4209]]
3-10-22-Schnable-Sorghum_310-214-29-1-Red_Amber_2022-03-11_15-05-53.607_5208800_Vis_SV_252.png	[[2087, 5498], [1976, 6057], [2456, 6122], [2720, 5959]]	[[2276, 5029], [2257, 4916], [2269, 4706], [2222, 4205]]
3-10-22-Schnable-Sorghum_310-214-29-1-Red_Amber_2022-03-11_15-05-53.607_5208800_Vis_SV_216.png	[[2702, 6065], [2650, 5774], [2131, 6085], [2094, 5519]]	[[2259, 5042], [2242, 4922], [2233, 4711], [2176, 4210]]
3-10-22-Schnable-Sorghum_310-214-29-1-Red_Amber_2022-03-11_15-05-53.607_5208800_Vis_SV_144.png	[[2638, 5918], [2576, 6059], [2308, 5544]]	[[2266, 5036], [2238, 4732], [2208, 4231]]
3-10-22-Schnable-Sorghum_310-214-29-1-Red_Amber_2022-03-11_15-05-53.607_5208800_Vis_SV_108.png	[[1840, 5945], [2679, 6058], [2447, 5518]]	[[2268, 5048], [2265, 4931], [2262, 4720], [2272, 4230]]
3-10-22-Schnable-Sorghum_310-214-29-1-Red_Amber_2022-03-11_15-05-53.607_5208800_Vis_SV_0.png	[[1777, 6129], [2305, 6144]]	[[2325, 5042], [2347, 4721], [2337, 4910]]
3-10-22-Schnable-Sorghum_310-215-30-1-9E_2022-03-11_15-08-08.448_5208900_Vis_TV_90.png	[[2754, 2790], [2730, 2606], [2536, 2401], [2535, 2341], [4499, 2038], [4359, 2371]]	[]
3-10-22-Schnable-Sorghum_310-215-30-1-9E_2022-03-11_15-08-08.448_5208900_Vis_SV_72.png	[[1718, 5900], [1597, 6093], [1354, 5574], [1361, 5387], [2156, 4854], [3480, 5694], [3531, 5719]]	[[2402, 5135], [2473, 5062], [2392, 4916], [2455, 4798], [2372, 4595], [2411, 4352], [2315, 4142], [2329, 3959], [2197, 3570]]
3-10-22-Schnable-Sorghum_310-215-30-1-9E_2022-03-11_15-08-08.448_5208900_Vis_SV_36.png	[[1724, 5709], [1687, 5505], [2049, 6168], [2302, 5945], [2819, 4492], [3104, 5187], [3190, 5502], [3263, 5516]]	[[2400, 5110], [2468, 5026], [2403, 4891], [2419, 4771], [2344, 4571], [2351, 4342], [2273, 4154], [2261, 3957]]
3-10-22-Schnable-Sorghum_310-215-30-1-9E_2022-03-11_15-08-08.448_5208900_Vis_SV_324.png	[[2030, 5451], [1972, 5483], [1733, 5138], [1444, 4544], [2381, 4811], [2902, 5535], [2967, 5682], [3081, 6034], [3180, 5756]]	[[2312, 5086], [2245, 5008], [2297, 4902], [2233, 4761], [2267, 4567], [2199, 4382], [2211, 4141], [2153, 3972], [2157, 3582]]
3-10-22-Schnable-Sorghum_310-215-30-1-9E_2022-03-11_15-08-08.448_5208900_Vis_SV_288.png	[[1409, 5570], [1408, 5505], [1185, 5208], [979, 4632], [2429, 4796], [3119, 5620], [3174, 5872], [3250, 5536], [3226, 5423]]	[[2228, 5105], [2161, 5027], [2216, 4911], [2150, 4780], [2222, 4583], [2154, 4399], [2222, 4158], [2170, 3986], [2256, 3594]]
3-10-22-Schnable-Sorghum_310-215-30-1-9E_2022-03-11_15-08-08.448_5208900_Vis_SV_252.png	[[1113, 5707], [1058, 5646], [974, 5442], [968, 4749], [2415, 4816], [3145, 5415], [3161, 5236], [2931, 5768], [2772, 5524]]	[[2187, 5115], [2103, 5050], [2182, 4914], [2119, 4798], [2211, 4583], [2150, 4379], [2250, 4148], [2222, 3982], [2349, 3610]]
3-10-22-Schnable-Sorghum_310-215-30-1-9E_2022-03-11_15-08-08.448_5208900_Vis_SV_216.png	[[1196, 5912], [1257, 5823], [1320, 5611], [1603, 4808], [2359, 4806], [2796, 5189], [2756, 5331], [2545, 5510], [2266, 5395]]	[[2109, 5063], [2176, 5113], [2165, 4926], [2137, 4787], [2206, 4603], [2204, 4365], [2307, 4155], [2289, 3972]]
3-10-22-Schnable-Sorghum_310-215-30-1-9E_2022-03-11_15-08-08.448_5208900_Vis_SV_144.png	[[2637, 6009], [2695, 6029], [2989, 5579], [3313, 4814], [2192, 4807], [1420, 5602], [1576, 5721], [1763, 5217], [1708, 5343]]	[[2266, 5136], [2329, 5063], [2276, 4950], [2342, 4806], [2304, 4591], [2373, 4406], [2353, 4149], [2398, 3984], [2397, 3556]]
3-10-22-Schnable-Sorghum_310-215-30-1-9E_2022-03-11_15-08-08.448_5208900_Vis_SV_108.png	[[3321, 5896], [3524, 5378], [3668, 4686], [2149, 4830], [1398, 5933], [1409, 5769], [1411, 5302], [1370, 5381]]	[[2345, 5145], [2416, 5086], [2357, 4948], [2414, 4803], [2358, 4602], [2402, 4385], [2352, 4152], [2385, 3971], [2293, 3553]]
3-10-22-Schnable-Sorghum_310-215-30-1-9E_2022-03-11_15-08-08.448_5208900_Vis_SV_0.png	[[2699, 6146], [2943, 5886], [2415, 5759], [2656, 5482], [1965, 4419], [2289, 4788]]	[[2372, 5100], [2194, 3994]]
3-10-22-Schnable-Sorghum_310-216-30-2-9E_2022-03-11_15-10-17.297_5209000_Vis_TV_90.png	[[4099, 2194], [4001, 2259], [2663, 2037], [2596, 1924]]	[]
3-10-22-Schnable-Sorghum_310-216-30-2-9E_2022-03-11_15-10-17.297_5209000_Vis_SV_72.png	[[1387, 5795], [1292, 5636], [1372, 5171], [2085, 5511], [3142, 6017], [3183, 5459]]	[[2301, 5006], [2375, 4883], [2326, 4661], [2387, 4379], [2346, 4142], [2404, 3890]]
3-10-22-Schnable-Sorghum_310-216-30-2-9E_2022-03-11_15-10-17.297_5209000_Vis_SV_36.png	[[1448, 5923], [1290, 5790], [2001, 5567], [1598, 5299], [2803, 5366], [2818, 5883]]	[[2257, 5007], [2324, 4879], [2287, 4646], [2342, 4377], [2309, 4146], [2375, 3893]]
3-10-22-Schnable-Sorghum_310-216-30-2-9E_2022-03-11_15-10-17.297_5209000_Vis_SV_324.png	[[1833, 5824], [1749, 5338], [2160, 5614], [2389, 5969], [2469, 6101]]	[[2208, 5022], [2185, 4872], [2228, 4646], [2199, 4385], [2242, 4142], [2212, 3875]]
3-10-22-Schnable-Sorghum_310-216-30-2-9E_2022-03-11_15-10-17.297_5209000_Vis_SV_288.png	[[1366, 5485], [1460, 5991], [2348, 5608], [2996, 6026], [3013, 5896]]	[[2227, 4658], [2175, 4389], [2219, 4140], [2175, 3880]]
3-10-22-Schnable-Sorghum_310-216-30-2-9E_2022-03-11_15-10-17.297_5209000_Vis_SV_252.png	[[1389, 6135], [1323, 5611], [2507, 5607], [3222, 5830], [3306, 5750]]	[[2269, 5037], [2196, 4914], [2220, 4144], [2164, 3887]]
3-10-22-Schnable-Sorghum_310-216-30-2-9E_2022-03-11_15-10-17.297_5209000_Vis_SV_216.png	[[1680, 6297], [1678, 5732], [2581, 5633], [3057, 5640], [3217, 5565], [2884, 4997]]	[[2313, 5036], [2262, 4924], [2295, 4661], [2236, 4392], [2260, 4159], [2189, 3884]]
3-10-22-Schnable-Sorghum_310-216-30-2-9E_2022-03-11_15-10-17.297_5209000_Vis_SV_144.png	[[2058, 5509], [2212, 5470], [1897, 5030], [2924, 5689], [2825, 6275]]	[[2359, 5034], [2383, 4896], [2362, 4682], [2362, 4397], [2316, 4154], [2342, 3887]]
3-10-22-Schnable-Sorghum_310-216-30-2-9E_2022-03-11_15-10-17.297_5209000_Vis_SV_108.png	[[1664, 5701], [1670, 5523], [1500, 5097], [3183, 6149], [2216, 5427]]	[[2354, 5021], [2405, 4889], [2344, 4663], [2394, 4389], [2341, 4151], [2386, 3889]]
3-10-22-Schnable-Sorghum_310-216-30-2-9E_2022-03-11_15-10-17.297_5209000_Vis_SV_0.png	[[1890, 6142], [1781, 5965], [2199, 5323]]	[]
3-10-22-Schnable-Sorghum_310-217-42-1-BTx623_2022-03-11_15-12-11.064_5209100_Vis_TV_90.png	[[2100, 3571], [4206, 2481], [4104, 2176], [4642, 2072], [4639, 2302]]	[]
3-10-22-Schnable-Sorghum_310-217-42-1-BTx623_2022-03-11_15-12-11.064_5209100_Vis_SV_72.png	[[1221, 5494], [1221, 4712], [1135, 3787], [1441, 3703], [3049, 3028], [3492, 4014], [3662, 4474], [3240, 5122], [3138, 5957]]	[[2371, 5001], [2309, 4924], [2372, 4797], [2316, 4646], [2359, 4338], [2301, 4094], [2350, 3922], [2297, 3616], [2354, 3007]]
3-10-22-Schnable-Sorghum_310-217-42-1-BTx623_2022-03-11_15-12-11.064_5209100_Vis_SV_36.png	[[1600, 5630], [1318, 4814], [1361, 3831], [2841, 3043], [2703, 3712], [2919, 3963], [3159, 4398], [2837, 5130], [2904, 5831]]	[[2413, 4988], [2367, 4917], [2412, 4786], [2364, 4644], [2416, 4325], [2370, 4095], [2404, 3911], [2358, 3608], [2377, 3017]]
3-10-22-Schnable-Sorghum_310-217-42-1-BTx623_2022-03-11_15-12-11.064_5209100_Vis_SV_324.png	[[1998, 5696], [3002, 5614], [1798, 5107], [1611, 4370], [1447, 3992], [1997, 3054], [3987, 3626], [2788, 3793], [2579, 4876]]	[[2329, 4958], [2376, 4898], [2337, 4770], [2372, 4616], [2346, 4324], [2386, 4096], [2352, 3898], [2375, 3597], [2312, 3000]]
3-10-22-Schnable-Sorghum_310-217-42-1-BTx623_2022-03-11_15-12-11.064_5209100_Vis_SV_288.png	[[1583, 5863], [1433, 5201], [1040, 4348], [979, 4060], [1636, 3047], [3322, 3784], [3610, 3603], [3169, 4821], [3362, 5470]]	[[2265, 4975], [2322, 4902], [2273, 4778], [2324, 4625], [2280, 4315], [2331, 4072], [2282, 3897], [2316, 3598], [2260, 2999]]
3-10-22-Schnable-Sorghum_310-217-42-1-BTx623_2022-03-11_15-12-11.064_5209100_Vis_SV_252.png	[[1428, 6009], [1353, 5316], [805, 4557], [934, 4109], [1494, 3025], [3400, 3753], [2854, 3588], [3360, 4717], [3276, 5319]]	[[2202, 4976], [2259, 4899], [2205, 4765], [2262, 4615], [2206, 4320], [2252, 4072], [2215, 3909], [2252, 3588], [2196, 3009]]
3-10-22-Schnable-Sorghum_310-217-42-1-BTx623_2022-03-11_15-12-11.064_5209100_Vis_SV_216.png	[[1652, 3024], [1506, 4172], [1224, 4682], [1691, 5394], [1612, 6151], [2887, 5205], [3142, 4602], [3061, 3744]]	[[2168, 4982], [2217, 4897], [2162, 4779], [2214, 4628], [2160, 4312], [2183, 4087], [2171, 3892], [2187, 3597], [2166, 3012]]
3-10-22-Schnable-Sorghum_310-217-42-1-BTx623_2022-03-11_15-12-11.064_5209100_Vis_SV_144.png	[[1697, 5242], [620, 3659], [1872, 3728], [2593, 3001], [3305, 4155], [3140, 4613], [2865, 5428], [2658, 6209], [2045, 4581]]	[[2239, 5011], [2181, 4927], [2230, 4798], [2180, 4633], [2202, 4329], [2171, 4097], [2202, 3911], [2180, 3623], [2225, 3004]]
3-10-22-Schnable-Sorghum_310-217-42-1-BTx623_2022-03-11_15-12-11.064_5209100_Vis_SV_108.png	[[1269, 5360], [1503, 4616], [1333, 3754], [667, 3652], [2957, 3011], [3659, 4090], [3692, 4474], [3214, 5321], [3079, 6094]]	[[2311, 5002], [2245, 4935], [2302, 4807], [2241, 4658], [2282, 4347], [2232, 4083], [2285, 3911], [2240, 3650], [2288, 3001]]
3-10-22-Schnable-Sorghum_310-217-42-1-BTx623_2022-03-11_15-12-11.064_5209100_Vis_SV_0.png	[[2363, 5553], [2229, 5071], [1924, 4730], [2113, 3967], [1987, 3845], [3710, 3652], [2424, 3047]]	[[2384, 4633], [2400, 4086], [2385, 3899], [2382, 3604], [2367, 3029]]
3-10-22-Schnable-Sorghum_310-218-42-2-BTx623_2022-03-11_15-15-03.620_5209200_Vis_TV_90.png	[[3581, 1277], [4445, 1968], [4415, 2004], [2674, 1860]]	[]
3-10-22-Schnable-Sorghum_310-218-42-2-BTx623_2022-03-11_15-15-03.620_5209200_Vis_SV_72.png	[[2694, 3218], [3277, 4074], [3388, 4942], [3148, 5572], [3446, 4730], [1711, 4947], [1663, 4517], [1542, 4316]]	[[2349, 5107], [2416, 5070], [2391, 4916], [2470, 4762], [2445, 4572], [2535, 4294], [2532, 3983], [2603, 3621], [2641, 2935]]
3-10-22-Schnable-Sorghum_310-218-42-2-BTx623_2022-03-11_15-15-03.620_5209200_Vis_SV_36.png	[[1970, 4990], [2004, 4543], [1470, 4375], [1655, 3965], [2267, 3190], [2810, 4016], [2973, 4677], [2803, 5484], [2823, 4813]]	[[2369, 5099], [2426, 5043], [2393, 4900], [2462, 4734], [2437, 4558], [2513, 4277], [2485, 3972], [2557, 3596], [2589, 2952]]
3-10-22-Schnable-Sorghum_310-218-42-2-BTx623_2022-03-11_15-15-03.620_5209200_Vis_SV_324.png	[[1745, 5490], [1372, 4900], [1588, 4744], [1467, 4048], [1187, 4081], [1584, 3220], [2172, 4431], [2861, 4511], [2786, 4937]]	[[2333, 5082], [2279, 5041], [2309, 4896], [2251, 4728], [2262, 4537], [2215, 3606], [2202, 2958]]
3-10-22-Schnable-Sorghum_310-218-42-2-BTx623_2022-03-11_15-15-03.620_5209200_Vis_SV_288.png	[[1380, 5601], [929, 5035], [1120, 4835], [1080, 4104], [1584, 4092], [1561, 3213], [2717, 4354], [2992, 4466], [2930, 4900]]	[[2275, 5075], [2204, 5043], [2236, 4895], [2162, 4738], [2178, 4544], [2104, 4281], [2098, 3970], [2011, 2951]]
3-10-22-Schnable-Sorghum_310-218-42-2-BTx623_2022-03-11_15-15-03.620_5209200_Vis_SV_252.png	[[1335, 5758], [986, 5184], [1022, 4961], [1117, 4168], [1817, 3177], [2411, 4013], [3042, 4347], [2857, 4413], [2826, 4835]]	[[2228, 5089], [2157, 5054], [2185, 4906], [2106, 4749], [2124, 4552], [2033, 4288], [2039, 3974], [1953, 3591], [1908, 2943]]
3-10-22-Schnable-Sorghum_310-218-42-2-BTx623_2022-03-11_15-15-03.620_5209200_Vis_SV_216.png	[[1675, 5874], [1704, 5292], [1493, 5000], [1610, 4144], [2290, 3141], [3039, 4143], [3052, 4309], [2530, 4382], [2600, 4804]]	[[2146, 5070], [2204, 5099], [2176, 4914], [2105, 4763], [2127, 4564], [2061, 4292], [2066, 3991], [1992, 3602], [1949, 2933]]
3-10-22-Schnable-Sorghum_310-218-42-2-BTx623_2022-03-11_15-15-03.620_5209200_Vis_SV_144.png	[[1816, 4830], [1765, 4415], [3015, 3205], [3242, 4068], [3277, 4189], [3130, 5056], [3435, 5242], [2966, 5877]]	[[2292, 5083], [2239, 5116], [2265, 4931], [2317, 4781], [2299, 4586], [2330, 4302], [2328, 4021], [2351, 3620], [2353, 2915]]
3-10-22-Schnable-Sorghum_310-218-42-2-BTx623_2022-03-11_15-15-03.620_5209200_Vis_SV_108.png	[[1647, 4879], [1573, 4459], [1907, 4234], [2939, 3218], [3513, 4126], [3535, 4939], [3676, 5076], [3249, 5728], [2862, 3983]]	[[2301, 5106], [2369, 5083], [2335, 4927], [2411, 4775], [2386, 4581], [2470, 4306], [2456, 3991], [2517, 3636], [2546, 2927]]
3-10-22-Schnable-Sorghum_310-218-42-2-BTx623_2022-03-11_15-15-03.620_5209200_Vis_SV_0.png	[[2225, 5466], [2459, 4928], [2041, 4858], [2253, 4708], [2449, 4530], [1769, 4415], [1278, 4076], [1831, 3171], [2041, 4014]]	[[2411, 2955], [2394, 3598], [2374, 3966], [2361, 5081]]
3-10-22-Schnable-Sorghum_310-219-42-3-BTx623_2022-03-11_15-17-51.394_5209300_Vis_TV_90.png	[[2711, 3274], [3274, 3301], [3902, 3134], [3710, 2411], [3522, 3542], [2300, 2304]]	[]
3-10-22-Schnable-Sorghum_310-219-42-3-BTx623_2022-03-11_15-17-51.394_5209300_Vis_SV_72.png	[[3336, 5029], [1024, 5500], [1035, 5114], [885, 4895], [1868, 4538], [2533, 4682], [3106, 4703], [3252, 4962], [1446, 5893]]	[[2282, 5113], [2347, 5009], [2277, 4907], [2326, 4724], [2264, 4559], [2304, 4354], [2244, 4150], [2290, 3956], [2228, 3674], [2259, 3022]]
3-10-22-Schnable-Sorghum_310-219-42-3-BTx623_2022-03-11_15-17-51.394_5209300_Vis_SV_36.png	[[1627, 6038], [1404, 5680], [1673, 5213], [3132, 4830], [2714, 4551], [3204, 4621], [3477, 4871], [3590, 4611]]	[[2386, 4358], [2327, 5102], [2400, 5005], [2336, 4897], [2391, 4732], [2333, 4554], [2331, 4130], [2382, 3948], [2362, 3668], [2380, 3034]]
3-10-22-Schnable-Sorghum_310-219-42-3-BTx623_2022-03-11_15-17-51.394_5209300_Vis_SV_324.png	[[2679, 6060], [2178, 4774], [2993, 4477], [3196, 4540], [3463, 4405], [2139, 3956], [3441, 4986], [3399, 5164], [3056, 5665]]	[[2375, 5095], [2337, 4984], [2398, 4865], [2362, 4700], [2416, 4540], [2431, 4348], [2428, 4118], [2449, 3938], [2451, 3676], [2457, 3041]]
3-10-22-Schnable-Sorghum_310-219-42-3-BTx623_2022-03-11_15-17-51.394_5209300_Vis_SV_288.png	[[3063, 5976], [3527, 5509], [3665, 5002], [3190, 4286], [2720, 4432], [1681, 4836], [1959, 4711], [1939, 3968], [3773, 4780]]	[[2277, 4970], [2341, 5080], [2369, 4874], [2309, 4689], [2383, 4534], [2341, 4320], [2401, 4101], [2367, 3948], [2383, 3032], [2409, 3669]]
3-10-22-Schnable-Sorghum_310-219-42-3-BTx623_2022-03-11_15-17-51.394_5209300_Vis_SV_252.png	[[1356, 4912], [1395, 4768], [1629, 4442], [1862, 3988], [3113, 5855], [3472, 5346], [3392, 4884], [3487, 4675]]	[[2287, 5075], [2225, 4978], [2296, 4867], [2241, 4694], [2311, 4536], [2256, 4327], [2312, 4115], [2267, 3931], [2314, 3670], [2278, 3031]]
3-10-22-Schnable-Sorghum_310-219-42-3-BTx623_2022-03-11_15-17-51.394_5209300_Vis_SV_216.png	[[1388, 5006], [1105, 4885], [1109, 4496], [1434, 4460], [1877, 3932], [1935, 4299], [2725, 4765], [3007, 5209], [2862, 5714]]	[[2252, 5079], [2178, 4983], [2248, 4857], [2174, 4704], [2240, 4539], [2174, 4338], [2228, 4105], [2175, 3931], [2195, 3682], [2172, 3036]]
3-10-22-Schnable-Sorghum_310-219-42-3-BTx623_2022-03-11_15-17-51.394_5209300_Vis_SV_144.png	[[1964, 5708], [2393, 5126], [1828, 5109], [1666, 5196], [1353, 4864], [1281, 4705], [1095, 4428], [2423, 4016]]	[[2222, 5014], [2208, 5103], [2166, 4890], [2180, 4719], [2094, 3661], [2115, 3931], [2080, 3057]]
3-10-22-Schnable-Sorghum_310-219-42-3-BTx623_2022-03-11_15-17-51.394_5209300_Vis_SV_108.png	[[1592, 5768], [1161, 5333], [962, 4962], [894, 4801], [1245, 4512], [1748, 4748], [2618, 4014], [2614, 5086], [2957, 5076]]	[[2228, 5102], [2288, 5011], [2206, 4895], [2253, 4720], [2183, 4565], [2197, 4352], [2149, 3020]]
3-10-22-Schnable-Sorghum_310-219-42-3-BTx623_2022-03-11_15-17-51.394_5209300_Vis_SV_0.png	[[2265, 5715], [2139, 6110], [2663, 5255], [2591, 5075], [2686, 4815], [3201, 4786], [3380, 4482], [3348, 4639], [3526, 4585]]	[[2441, 3041], [2446, 3668]]
3-10-22-Schnable-Sorghum_310-220-42-4-BTx623_2022-03-11_15-20-53.810_5209400_Vis_TV_90.png	[[2368, 2370], [3708, 2760]]	[]
3-10-22-Schnable-Sorghum_310-220-42-4-BTx623_2022-03-11_15-20-53.810_5209400_Vis_SV_72.png	[[2399, 3656], [1712, 6144], [1466, 6091], [1187, 5436], [1082, 5509], [1456, 4344], [3240, 4448], [3442, 5091], [3240, 5126], [3105, 5932], [2983, 5931]]	[[2368, 5172], [2288, 5118], [2357, 5025], [2291, 4931], [2336, 4756], [2273, 4573], [2319, 4315], [2250, 4029], [2308, 3830], [2253, 3514], [2286, 2907]]
3-10-22-Schnable-Sorghum_310-220-42-4-BTx623_2022-03-11_15-20-53.810_5209400_Vis_SV_36.png	[[1869, 6146], [2080, 6237], [1756, 5493], [1468, 5643], [1530, 4505], [2300, 3655], [2859, 4390], [3268, 4975], [2893, 5010], [3082, 5785], [3094, 5808]]	[[2465, 5158], [2418, 5103], [2460, 5006], [2418, 4920], [2463, 4742], [2407, 4554], [2450, 4319], [2412, 4031], [2437, 3825], [2406, 3510], [2435, 2920]]
3-10-22-Schnable-Sorghum_310-220-42-4-BTx623_2022-03-11_15-20-53.810_5209400_Vis_SV_324.png	[[2131, 4844], [1813, 5048], [1671, 4315], [2107, 3671], [3063, 5646], [3291, 5445], [2901, 6123], [3009, 6130]]	[[2479, 5058], [2433, 4963], [2493, 4880], [2453, 4707], [2517, 4523], [2522, 2920]]
3-10-22-Schnable-Sorghum_310-220-42-4-BTx623_2022-03-11_15-20-53.810_5209400_Vis_SV_288.png	[[1840, 5690], [1388, 5150], [1520, 4929], [1315, 4420], [2107, 3649], [2955, 4413], [3489, 5286], [3479, 5483], [3195, 5979], [3002, 5986]]	[[2329, 5097], [2402, 5044], [2333, 4954], [2405, 4857], [2359, 4692], [2426, 4515], [2381, 4274], [2434, 3994], [2396, 3808], [2438, 3495], [2416, 2925]]
3-10-22-Schnable-Sorghum_310-220-42-4-BTx623_2022-03-11_15-20-53.810_5209400_Vis_SV_252.png	[[1519, 5793], [1646, 5705], [1295, 5195], [1171, 5049], [1281, 4532], [2171, 3640], [3131, 4316], [3230, 5152], [3386, 5325], [3036, 5807], [2808, 5867]]	[[2212, 5102], [2285, 5036], [2216, 4962], [2287, 4853], [2227, 4693], [2291, 4507], [2248, 4279], [2294, 3999], [2253, 3804], [2298, 3488], [2258, 2927]]
3-10-22-Schnable-Sorghum_310-220-42-4-BTx623_2022-03-11_15-20-53.810_5209400_Vis_SV_216.png	[[1449, 5919], [1490, 5817], [1212, 5181], [1638, 5294], [1654, 4606], [2273, 3641], [2960, 4394], [2696, 4992], [2952, 5208], [2630, 5658]]	[[2117, 5109], [2175, 5030], [2122, 4968], [2175, 4848], [2122, 4699], [2170, 4497], [2125, 4279], [2154, 4001], [2120, 3790], [2156, 3489]]
3-10-22-Schnable-Sorghum_310-220-42-4-BTx623_2022-03-11_15-20-53.810_5209400_Vis_SV_144.png	[[2450, 3674], [3024, 4463], [2844, 5389], [2262, 6089], [2045, 6009], [2477, 5263], [1722, 5922], [1644, 5782], [1648, 5226], [2113, 4348]]	[[2081, 5096], [2132, 5011], [2068, 4902], [2115, 4736], [2040, 4550], [2086, 4297], [2028, 4024], [2063, 3815], [2018, 3516], [2018, 2911]]
3-10-22-Schnable-Sorghum_310-220-42-4-BTx623_2022-03-11_15-20-53.810_5209400_Vis_SV_108.png	[[1574, 6018], [1386, 5941], [1188, 5322], [1087, 5253], [1688, 4327], [2433, 3624], [2594, 6004], [2801, 6049], [3163, 5214], [3233, 5293], [3312, 4474]]	[[2247, 5167], [2165, 5108], [2223, 5025], [2154, 4922], [2206, 4752], [2129, 4569], [2178, 4329], [2115, 4033], [2150, 3823], [2105, 3519], [2122, 2914]]
3-10-22-Schnable-Sorghum_310-220-42-4-BTx623_2022-03-11_15-20-53.810_5209400_Vis_SV_0.png	[[1968, 4541], [2267, 5040], [2252, 4392], [2343, 5706], [2720, 5544], [2863, 5660], [2555, 6217], [2612, 6219], [2726, 4872], [2187, 3647]]	[[2490, 5081], [2497, 4897], [2473, 4725], [2501, 4556], [2509, 3821], [2513, 3510], [2528, 2905]]
3-10-22-Schnable-Sorghum_310-221-42-5-BTx623_2022-03-11_15-36-54.627_5209500_Vis_TV_90.png	[[2740, 1895], [2340, 2276], [3634, 1933], [3730, 1959]]	[]
3-10-22-Schnable-Sorghum_310-221-42-5-BTx623_2022-03-11_15-36-54.627_5209500_Vis_SV_72.png	[[3165, 3529], [1581, 4332], [1202, 4742], [1282, 5427], [1478, 5640], [2662, 6059], [2449, 5482]]	[[2338, 5081], [2360, 4864], [2426, 4681], [2397, 4522], [2444, 4330], [2445, 4111], [2512, 3831], [2593, 3174]]
3-10-22-Schnable-Sorghum_310-221-42-5-BTx623_2022-03-11_15-36-54.627_5209500_Vis_SV_36.png	[[1386, 5756], [1535, 5544], [1495, 4770], [3221, 3522], [2421, 5457], [2302, 4315]]	[[2305, 5072], [2313, 4852], [2295, 4988], [2320, 4688], [2325, 4506], [2360, 4331], [2363, 4078], [2469, 3178]]
3-10-22-Schnable-Sorghum_310-221-42-5-BTx623_2022-03-11_15-36-54.627_5209500_Vis_SV_324.png	[[2417, 3512], [3305, 4284], [2879, 4830], [2847, 5568], [2231, 5941], [1688, 6292], [2092, 6199], [2000, 6145], [1530, 5708]]	[[2167, 5005], [2180, 5133], [2205, 4860], [2139, 4701], [2186, 4525], [2116, 4317], [2143, 4107], [2097, 3843], [2071, 3206]]
3-10-22-Schnable-Sorghum_310-221-42-5-BTx623_2022-03-11_15-36-54.627_5209500_Vis_SV_288.png	[[1872, 3494], [3218, 4156], [3313, 4753], [3265, 5440], [2823, 5898], [1717, 6284], [2048, 6196], [2190, 6227], [2171, 5460]]	[[2160, 5146], [2216, 5090], [2152, 5019], [2190, 4871], [2110, 4710], [2146, 4536], [2074, 4336], [2089, 4118], [2014, 3841], [1948, 3208]]
3-10-22-Schnable-Sorghum_310-221-42-5-BTx623_2022-03-11_15-36-54.627_5209500_Vis_SV_252.png	[[3162, 5740], [3265, 5309], [3315, 4625], [2790, 4118], [1455, 3515], [2127, 5482], [2007, 6371], [2350, 6229], [1979, 5947], [2222, 6207]]	[[2172, 5150], [2232, 5094], [2175, 5030], [2212, 4878], [2146, 4725], [2182, 4540], [2104, 4349], [2107, 4125], [2025, 3844], [1929, 3178]]
3-10-22-Schnable-Sorghum_310-221-42-5-BTx623_2022-03-11_15-36-54.627_5209500_Vis_SV_216.png	[[3150, 5640], [2925, 5201], [2891, 4510], [1294, 3535], [2330, 6388], [2392, 6245], [2543, 5959]]	[[2070, 3174], [2194, 4136], [2246, 4552], [2246, 4721]]
3-10-22-Schnable-Sorghum_310-221-42-5-BTx623_2022-03-11_15-36-54.627_5209500_Vis_SV_144.png	[[1825, 5182], [1770, 4554], [1321, 4242], [2096, 3540], [2373, 5466], [2377, 5364], [2751, 6173]]	[[2359, 4871], [2417, 4721], [2384, 4548], [2454, 4352], [2416, 4116], [2473, 3847], [2481, 3179]]
3-10-22-Schnable-Sorghum_310-221-42-5-BTx623_2022-03-11_15-36-54.627_5209500_Vis_SV_108.png	[[1830, 5514], [1387, 5262], [1350, 4624], [1271, 4287], [2738, 3516], [2396, 5508], [2776, 6161], [2934, 5626]]	[[2423, 5136], [2351, 5076], [2430, 5010], [2377, 4872], [2459, 4703], [2414, 4540], [2494, 4338], [2485, 4124], [2541, 3843], [2603, 3178]]
3-10-22-Schnable-Sorghum_310-221-42-5-BTx623_2022-03-11_15-36-54.627_5209500_Vis_SV_0.png	[[2973, 4337], [2902, 3518], [1699, 5627], [1717, 5909], [1928, 6072], [1992, 6068], [2176, 5531], [2208, 4850], [2011, 6147]]	[[2252, 3192], [2233, 3839], [2227, 5124], [2261, 5080], [2223, 4989], [2248, 4856], [2247, 4507]]
3-10-22-Schnable-Sorghum_310-222-42-6-BTx623_2022-03-11_15-38-50.024_5209600_Vis_TV_90.png	[[2847, 2405], [3799, 3025], [4495, 2248], [3483, 2692]]	[]
3-10-22-Schnable-Sorghum_310-222-42-6-BTx623_2022-03-11_15-38-50.024_5209600_Vis_SV_72.png	[[3322, 3743], [3603, 4792], [3251, 6045], [2880, 5870], [3138, 6233], [2933, 6213], [2715, 6229]]	[[2504, 4716], [2547, 4495], [2568, 4239], [2596, 3971], [2626, 3635], [2672, 2979]]
3-10-22-Schnable-Sorghum_310-222-42-6-BTx623_2022-03-11_15-38-50.024_5209600_Vis_SV_36.png	[[2871, 3734], [3475, 4673], [3398, 5877], [3307, 6273], [2870, 6116], [2828, 6190], [2834, 6199]]	[[2439, 4869], [2449, 4700], [2449, 4475], [2480, 4226], [2469, 3960], [2485, 3646], [2463, 2998]]
3-10-22-Schnable-Sorghum_310-222-42-6-BTx623_2022-03-11_15-38-50.024_5209600_Vis_SV_324.png	[[2756, 5613], [2274, 4555], [1653, 3735], [1747, 6282], [1788, 6306]]	[[2194, 4871], [2227, 4695], [2140, 4479], [2162, 4218], [2086, 3959], [2081, 3629], [1957, 3007]]
3-10-22-Schnable-Sorghum_310-222-42-6-BTx623_2022-03-11_15-38-50.024_5209600_Vis_SV_288.png	[[1232, 3743], [1735, 5887], [1762, 6318], [1711, 6218], [1816, 6319], [1954, 6239]]	[[2106, 4887], [2120, 4705], [2041, 4483], [2029, 4244], [1966, 3966], [1926, 3640], [1844, 2999]]
3-10-22-Schnable-Sorghum_310-222-42-6-BTx623_2022-03-11_15-38-50.024_5209600_Vis_SV_252.png	[[1166, 3769], [1094, 4684], [1594, 5637], [1685, 6323], [1616, 6318], [1701, 6280], [1973, 6310]]	[[1872, 2974], [1936, 3642], [1967, 3982], [1990, 4244], [2024, 4510], [2074, 4720], [2072, 4897]]
3-10-22-Schnable-Sorghum_310-222-42-6-BTx623_2022-03-11_15-38-50.024_5209600_Vis_SV_216.png	[[1532, 3806], [986, 4813], [1177, 5748], [1974, 6303], [2582, 6248]]	[[2112, 4910], [2093, 4749], [2105, 4522], [2070, 4263], [2067, 3996], [2041, 3650], [2052, 2978]]
3-10-22-Schnable-Sorghum_310-222-42-6-BTx623_2022-03-11_15-38-50.024_5209600_Vis_SV_144.png	[[3031, 3793], [2315, 4956], [1783, 6150], [2768, 6286], [2971, 6185], [2627, 6092], [2914, 6228]]	[[2372, 4927], [2347, 4751], [2418, 4537], [2402, 4288], [2476, 3987], [2479, 3637], [2585, 2958]]
3-10-22-Schnable-Sorghum_310-222-42-6-BTx623_2022-03-11_15-38-50.024_5209600_Vis_SV_108.png	[[2862, 6005], [2498, 6183], [2988, 6219], [2910, 6213], [3161, 4897], [3407, 3758], [2931, 6225]]	[[2715, 2969], [2632, 3634], [2600, 3975], [2462, 4903]]
3-10-22-Schnable-Sorghum_310-222-42-6-BTx623_2022-03-11_15-38-50.024_5209600_Vis_SV_0.png	[[2245, 3725], [2947, 4544], [3184, 5710], [3252, 6296], [2829, 6069]]	[[2319, 4872], [2347, 4690], [2298, 4472], [2330, 4227], [2277, 3966], [2278, 3651], [2206, 3026]]
3-10-22-Schnable-Sorghum_310-223-42-7-BTx623_2022-03-11_15-41-11.553_5209700_Vis_TV_90.png	[[2431, 2039], [2819, 1567], [3002, 1294], [3677, 1389], [4073, 1381]]	[]
3-10-22-Schnable-Sorghum_310-223-42-7-BTx623_2022-03-11_15-41-11.553_5209700_Vis_SV_72.png	[[2284, 3282], [1646, 4183], [1190, 5140], [1570, 5640], [2704, 6059], [2684, 5790], [2679, 4741], [1479, 5022]]	[[2391, 5070], [2336, 4999], [2392, 4895], [2342, 4728], [2396, 4555], [2354, 4295], [2408, 3979], [2378, 3658], [2429, 2948]]
3-10-22-Schnable-Sorghum_310-223-42-7-BTx623_2022-03-11_15-41-11.553_5209700_Vis_SV_36.png	[[1362, 5274], [1284, 5142], [1201, 4209], [1990, 4654], [2105, 5232], [1815, 3285], [1954, 5696]]	[[2310, 4982], [2357, 5065], [2300, 4727], [2306, 4553], [2299, 4284], [2302, 3979], [2290, 3665], [2306, 2946]]
3-10-22-Schnable-Sorghum_310-223-42-7-BTx623_2022-03-11_15-41-11.553_5209700_Vis_SV_324.png	[[2933, 5667], [2670, 5366], [1954, 5763], [1617, 6150], [1121, 5472], [1977, 5234], [1502, 4419], [1433, 3275], [905, 4944]]	[[2210, 5054], [2258, 4991], [2196, 4890], [2226, 4718], [2113, 3643], [2057, 2935]]
3-10-22-Schnable-Sorghum_310-223-42-7-BTx623_2022-03-11_15-41-11.553_5209700_Vis_SV_288.png	[[1727, 3274], [1586, 6289], [1837, 5837], [1159, 5632], [1047, 5100], [2246, 4436], [2683, 5301], [3097, 5541]]	[[2179, 5070], [2238, 5002], [2174, 4902], [2210, 4737], [2148, 4574], [2170, 4294], [2111, 4004], [2122, 3657], [2035, 2927]]
3-10-22-Schnable-Sorghum_310-223-42-7-BTx623_2022-03-11_15-41-11.553_5209700_Vis_SV_252.png	[[2284, 3263], [3035, 4370], [3369, 5138], [3192, 5225], [2945, 5440], [1871, 5911], [1845, 6396], [1739, 5210]]	[[2187, 5084], [2234, 5005], [2185, 4918], [2217, 4748], [2174, 4571], [2205, 4324], [2148, 4004], [2168, 3654], [2107, 2917]]
3-10-22-Schnable-Sorghum_310-223-42-7-BTx623_2022-03-11_15-41-11.553_5209700_Vis_SV_216.png	[[2281, 6443], [2058, 5927], [2579, 5753], [2724, 5194], [3080, 4982], [3270, 5082], [3401, 4347], [2812, 3270]]	[[2237, 4918], [2279, 4751], [2259, 4581], [2270, 4307], [2252, 3989], [2274, 3653], [2241, 2928]]
3-10-22-Schnable-Sorghum_310-223-42-7-BTx623_2022-03-11_15-41-11.553_5209700_Vis_SV_144.png	[[1703, 5440], [1946, 4980], [2490, 4914], [2910, 4206], [3088, 3268], [3660, 4938], [3492, 5541], [2974, 6305], [2638, 5929]]	[[2362, 5086], [2305, 5012], [2370, 4914], [2333, 4739], [2401, 4577], [2392, 4313], [2440, 3985], [2432, 3651], [2482, 2926]]
3-10-22-Schnable-Sorghum_310-223-42-7-BTx623_2022-03-11_15-41-11.553_5209700_Vis_SV_108.png	[[1496, 5535], [1433, 5032], [1928, 4954], [3366, 4831], [3362, 5329], [2974, 6195], [2747, 5866], [2809, 3239]]	[[2397, 5075], [2340, 5006], [2407, 4905], [2358, 4733], [2424, 4574], [2388, 4293], [2462, 3987], [2440, 3663], [2514, 2938]]
3-10-22-Schnable-Sorghum_310-223-42-7-BTx623_2022-03-11_15-41-11.553_5209700_Vis_SV_0.png	[[1911, 6030], [1524, 5321], [1469, 5138], [2018, 5362], [1322, 4770], [1184, 4359], [1492, 3288], [2574, 5658]]	[[2167, 2950], [2194, 3653], [2206, 3974], [2223, 4285], [2250, 4718], [2231, 4538], [2252, 4883], [2284, 4984]]
3-10-22-Schnable-Sorghum_310-224-42-8-BTx623_2022-03-11_15-43-19.315_5209800_Vis_TV_90.png	[[3961, 2694], [2762, 2871], [2495, 2232], [2868, 2160], [3446, 2068]]	[]
3-10-22-Schnable-Sorghum_310-224-42-8-BTx623_2022-03-11_15-43-19.315_5209800_Vis_SV_72.png	[[1599, 2830], [3107, 4679], [1713, 4841], [1691, 5980], [2226, 6350], [2162, 6311], [2626, 6122], [2864, 6133], [2882, 6183]]	[[2497, 5118], [2435, 5051], [2499, 4978], [2450, 4844], [2520, 4673], [2472, 4478], [2528, 4199], [2486, 3897], [2544, 3576], [2521, 2928]]
3-10-22-Schnable-Sorghum_310-224-42-8-BTx623_2022-03-11_15-43-19.315_5209800_Vis_SV_36.png	[[1823, 2809], [3080, 4614], [2729, 5931], [1784, 6090], [2526, 6344], [2399, 6303], [2654, 6049], [2342, 4864], [2684, 6070]]	[[2386, 5032], [2451, 4964], [2415, 4828], [2454, 4656], [2429, 4461], [2450, 4189], [2458, 3567], [2446, 2931]]
3-10-22-Schnable-Sorghum_310-224-42-8-BTx623_2022-03-11_15-43-19.315_5209800_Vis_SV_324.png	[[2448, 6119], [2696, 6151], [1973, 6146], [1928, 6170], [3163, 4740], [2649, 2774], [2287, 4539]]	[[2130, 2938], [2143, 3581], [2167, 3889], [2141, 4191], [2190, 4456], [2153, 4661], [2205, 4826], [2172, 4961], [2206, 5024], [2182, 5090]]
3-10-22-Schnable-Sorghum_310-224-42-8-BTx623_2022-03-11_15-43-19.315_5209800_Vis_SV_288.png	[[2916, 2810], [1813, 4555], [3113, 4670], [1742, 6225], [1846, 6024], [1928, 6154], [2800, 6064], [2627, 6180]]	[[2090, 5108], [2157, 5046], [2090, 4975], [2137, 4840], [2064, 4676], [2115, 4474], [2050, 4193], [2082, 3900], [2034, 3590], [2035, 2944]]
3-10-22-Schnable-Sorghum_310-224-42-8-BTx623_2022-03-11_15-43-19.315_5209800_Vis_SV_252.png	[[2903, 2839], [1391, 4599], [2727, 4605], [1696, 6087], [1560, 6310], [1793, 6262], [2152, 6223], [2896, 5982]]	[[2076, 5139], [2137, 5059], [2071, 5002], [2118, 4853], [2050, 4695], [2096, 4496], [2036, 4217], [2060, 3922], [2005, 3588], [2026, 2934]]
3-10-22-Schnable-Sorghum_310-224-42-8-BTx623_2022-03-11_15-43-19.315_5209800_Vis_SV_216.png	[[2669, 2860], [1441, 4691], [2261, 4612], [2085, 6381], [1636, 6305], [1806, 6216], [1919, 6165], [2406, 6257], [2779, 5871]]	[[2144, 5152], [2188, 5073], [2137, 5014], [2174, 4870], [2113, 4710], [2148, 4514], [2110, 4212], [2128, 3905], [2090, 3588], [2100, 2930]]
3-10-22-Schnable-Sorghum_310-224-42-8-BTx623_2022-03-11_15-43-19.315_5209800_Vis_SV_144.png	[[1935, 2855], [1415, 4658], [2279, 4783], [1799, 6265], [2166, 6266], [2477, 6294]]	[[2398, 5158], [2350, 5060], [2395, 5016], [2346, 4878], [2407, 4707], [2410, 2913]]
3-10-22-Schnable-Sorghum_310-224-42-8-BTx623_2022-03-11_15-43-19.315_5209800_Vis_SV_108.png	[[1649, 2849], [2891, 4726], [1401, 4787], [1937, 6297], [1951, 6337], [2792, 6183], [2876, 6270], [2431, 6237], [2649, 6058]]	[[2487, 5137], [2422, 5060], [2487, 5004], [2439, 4867], [2501, 4688], [2460, 4499], [2506, 4220], [2477, 3887], [2522, 3585], [2499, 2917]]
3-10-22-Schnable-Sorghum_310-224-42-8-BTx623_2022-03-11_15-43-19.315_5209800_Vis_SV_0.png	[[2259, 2806], [2730, 4572], [3004, 4786], [2119, 6139], [1994, 6103], [2665, 6261], [2587, 6200]]	[[2304, 3585], [2302, 2938], [2309, 3868], [2292, 4191], [2314, 4460], [2316, 4813]]
